Patient: TCGA-BH-A1FU, Mutation: chr17:g.7675088C>T
Patient: TCGA-EW-A1P1, Mutation: chr17:g.7673802C>T
Patient: TCGA-AR-A1AS, Mutation: chr17:g.7675088C>T
Patient: TCGA-AO-A03O, Mutation: chr17:g.7675088C>T
Patient: TCGA-AO-A0J2, Mutation: chr17:g.7675088C>T
Patient: TCGA-D8-A27N, Mutation: chr17:g.7675088C>T
Patient: TCGA-C8-A12O, Mutation: chr17:g.7673802C>T
Patient: TCGA-AR-A1AJ, Mutation: chr17:g.7673802C>T
Patient: TCGA-BH-A0B0, Mutation: chr17:g.7675088C>T
Patient: TCGA-C8-A131, Mutation: chr17:g.7675088C>T
Patient: TCGA-BH-A5IZ, Mutation: chr17:g.7673802C>T
Patient: TCGA-GM-A2DD, Mutation: chr17:g.7675088C>T
Patient: TCGA-BH-A0E0, Mutation: chr17:g.7675088C>T
Patient: TCGA-D8-A1JM, Mutation: chr17:g.7673802C>T
Patient: TCGA-A2-A04T, Mutation: chr17:g.7674908T>C
Patient: TCGA-BH-A203, Mutation: chr17:g.7673802C>T
Patient: TCGA-AR-A2LH, Mutation: chr17:g.7673802C>T
Patient: TCGA-AR-A24T, Mutation: chr17:g.7673802C>T
Patient: TCGA-AR-A24Q, Mutation: chr17:g.7675088C>T
Patient: TCGA-AC-A6IW, Mutation: chr17:g.7675088C>T
Patient: TCGA-PL-A8LZ, Mutation: chr17:g.7675088C>T
Patient: TCGA-E9-A1NC, Mutation: chr17:g.7673802C>T
Patient: TCGA-A1-A0SI, Mutation: chr17:g.7675088C>T
Patient: TCGA-A7-A0CJ, Mutation: chr17:g.7675088C>T
Patient: TCGA-LL-A6FR, Mutation: chr17:g.7673802C>T
Patient: TCGA-E9-A244, Mutation: chr17:g.7675088C>T
Patient: TCGA-BH-A0GY, Mutation: chr17:g.7675088C>T
Patient: TCGA-B6-A401, Mutation: chr17:g.7675088C>T
Patient: TCGA-AN-A0AL, Mutation: chr17:g.7675088C>T
Patient: TCGA-C8-A134, Mutation: chr17:g.7673802C>T
Patient: TCGA-B6-A0RU, Mutation: chr17:g.7674945G>A
Patient: TCGA-E9-A1N9, Mutation: chr17:g.7674945G>A
Patient: TCGA-C8-A1HJ, Mutation: chr17:g.7674945G>A
Patient: TCGA-A2-A0CW, Mutation: chr17:g.7674945G>A
Patient: TCGA-E2-A14N, Mutation: chr17:g.7674945G>A
Patient: TCGA-AR-A1AP, Mutation: chr17:g.7674945G>A
Patient: TCGA-A2-A0D0, Mutation: chr17:g.7674945G>A
Patient: TCGA-D8-A27M, Mutation: chr17:g.7674945G>A
Patient: TCGA-A2-A3Y0, Mutation: chr17:g.7670685G>A
Patient: TCGA-BH-A0RX, Mutation: chr17:g.7670685G>A
Patient: TCGA-A2-A0YJ, Mutation: chr17:g.7670685G>A
Patient: TCGA-AN-A0G0, Mutation: chr17:g.7670685G>A
Patient: TCGA-OL-A66I, Mutation: chr17:g.7670685G>A
Patient: TCGA-AO-A128, Mutation: chr17:g.7670685G>A
Patient: TCGA-E2-A1B6, Mutation: chr17:g.7670685G>A
Patient: TCGA-A2-A0T2, Mutation: chr17:g.7674872T>C
Patient: TCGA-E9-A1ND, Mutation: chr17:g.7674872T>C
Patient: TCGA-B6-A0IJ, Mutation: chr17:g.7674872T>C
Patient: TCGA-AR-A0U1, Mutation: chr17:g.7674872T>C
Patient: TCGA-AO-A0JE, Mutation: chr17:g.7674872T>C
Patient: TCGA-E2-A573, Mutation: chr17:g.7674872T>C
Patient: TCGA-A1-A0SO, Mutation: chr17:g.7674872T>C
Patient: TCGA-E2-A14X, Mutation: chr17:g.7674894G>A
Patient: TCGA-AO-A0JB, Mutation: chr17:g.7674894G>A
Patient: TCGA-BH-A202, Mutation: chr17:g.7674894G>A
Patient: TCGA-D8-A1Y3, Mutation: chr17:g.7674894G>A
Patient: TCGA-AO-A124, Mutation: chr17:g.7674894G>A
Patient: TCGA-EW-A1PA, Mutation: chr17:g.7674894G>A
Patient: TCGA-AN-A0FX, Mutation: chr17:g.7674221G>A
Patient: TCGA-A8-A07R, Mutation: chr17:g.7674221G>A
Patient: TCGA-B6-A0WX, Mutation: chr17:g.7676028A>T
Patient: TCGA-BH-A0BC, Mutation: chr17:g.7674221G>A
Patient: TCGA-C8-A12P, Mutation: chr17:g.7674221G>A
Patient: TCGA-D8-A1XL, Mutation: chr17:g.7674221G>A
Patient: TCGA-E9-A5FL, Mutation: chr17:g.7674953T>C
Patient: TCGA-AN-A0FT, Mutation: chr17:g.7674953T>C
Patient: TCGA-E2-A15E, Mutation: chr17:g.7674953T>C
Patient: TCGA-C8-A27B, Mutation: chr17:g.7674953T>C
Patient: TCGA-E9-A1N5, Mutation: chr17:g.7674953T>C
Patient: TCGA-A8-A09N, Mutation: chr17:g.7674953T>C
Patient: TCGA-EW-A6S9, Mutation: chr17:g.7675076T>C
Patient: TCGA-D8-A1JF, Mutation: chr17:g.7675076T>C
Patient: TCGA-AN-A04C, Mutation: chr17:g.7675076T>C
Patient: TCGA-EW-A1P4, Mutation: chr17:g.7675076T>C
Patient: TCGA-A8-A07W, Mutation: chr17:g.7675076T>C
Patient: TCGA-A7-A6VW, Mutation: chr17:g.7675076T>C
Patient: TCGA-E2-A158, Mutation: chr17:g.7674947A>G
Patient: TCGA-AC-A62X, Mutation: chr17:g.7674947A>G
Patient: TCGA-C8-A12K, Mutation: chr17:g.7674947A>G
Patient: TCGA-A7-A0DA, Mutation: chr17:g.7674947A>G
Patient: TCGA-E2-A14R, Mutation: chr17:g.7674947A>G
Patient: TCGA-A2-A0SW, Mutation: chr17:g.7673803G>A
Patient: TCGA-A2-A0T1, Mutation: chr17:g.7673803G>A
Patient: TCGA-AR-A1AW, Mutation: chr17:g.7673803G>A
Patient: TCGA-B6-A0RS, Mutation: chr17:g.7673803G>A
Patient: TCGA-AO-A0J4, Mutation: chr17:g.7673776G>A
Patient: TCGA-E2-A14Z, Mutation: chr17:g.7673776G>A
Patient: TCGA-EW-A6SB, Mutation: chr17:g.7673776G>A
Patient: TCGA-EW-A1P8, Mutation: chr17:g.7673776G>A
Patient: TCGA-A8-A08X, Mutation: chr17:g.7675085C>A
Patient: TCGA-D8-A147, Mutation: chr17:g.7675085C>A
Patient: TCGA-A7-A26F, Mutation: chr17:g.7675085C>A
Patient: TCGA-AR-A0U2, Mutation: chr17:g.7675085C>A
Patient: TCGA-C8-A135, Mutation: chr17:g.7674240delG
Patient: TCGA-D8-A27F, Mutation: chr17:g.7674240delG
Patient: TCGA-AO-A12D, Mutation: chr17:g.7674240delG
Patient: TCGA-AR-A2LR, Mutation: chr17:g.7674240delG
Patient: TCGA-AR-A5QQ, Mutation: chr17:g.7674904delTC
Patient: TCGA-A8-A06U, Mutation: chr17:g.7674904delTC
Patient: TCGA-OL-A5RW, Mutation: chr17:g.7674904delTC
Patient: TCGA-A8-A094, Mutation: chr17:g.7674904delTC
Patient: TCGA-LL-A5YO, Mutation: chr17:g.7674950A>C
Patient: TCGA-B6-A0IK, Mutation: chr17:g.7674950A>C
Patient: TCGA-AC-A5EH, Mutation: chr17:g.7674950A>C
Patient: TCGA-AR-A0U0, Mutation: chr17:g.7674950A>C
Patient: TCGA-AR-A251, Mutation: chr17:g.7673767C>T
Patient: TCGA-Z7-A8R6, Mutation: chr17:g.7673767C>T
Patient: TCGA-BH-A1F2, Mutation: chr17:g.7673767C>T
Patient: TCGA-D8-A1JJ, Mutation: chr17:g.7675190C>T
Patient: TCGA-A8-A081, Mutation: chr17:g.7675190C>T
Patient: TCGA-D8-A13Z, Mutation: chr17:g.7675190C>T
Patient: TCGA-BH-A0H7, Mutation: chr17:g.7674229C>T
Patient: TCGA-BH-A0HY, Mutation: chr17:g.7674229C>T
Patient: TCGA-AO-A03V, Mutation: chr17:g.7674229C>T
Patient: TCGA-AQ-A54N, Mutation: chr17:g.7673704G>A
Patient: TCGA-E9-A6HE, Mutation: chr17:g.7673704G>A
Patient: TCGA-D8-A1XA, Mutation: chr17:g.7673704G>A
Patient: TCGA-E2-A159, Mutation: chr17:g.7674885C>T
Patient: TCGA-AR-A0TV, Mutation: chr17:g.7674885C>T
Patient: TCGA-BH-A0B3, Mutation: chr17:g.7674885C>T
Patient: TCGA-GM-A2DF, Mutation: chr17:g.7674292T>C
Patient: TCGA-AN-A0FL, Mutation: chr17:g.7674292T>C
Patient: TCGA-BH-A1FC, Mutation: chr17:g.7674292T>C
Patient: TCGA-BH-A18H, Mutation: chr17:g.7673537G>A
Patient: TCGA-GM-A2DH, Mutation: chr17:g.7673537G>A
Patient: TCGA-A2-A0D1, Mutation: chr17:g.7673537G>A
Patient: TCGA-C8-A26W, Mutation: chr17:g.7673802C>A
Patient: TCGA-LL-A8F5, Mutation: chr17:g.7673802C>A
Patient: TCGA-A2-A0CL, Mutation: chr17:g.7673802C>A
Patient: TCGA-E9-A1NF, Mutation: chr17:g.7676031A>C
Patient: TCGA-E2-A9RU, Mutation: chr17:g.7676031A>C
Patient: TCGA-BH-A0BF, Mutation: chr17:g.7674230C>T
Patient: TCGA-E9-A22E, Mutation: chr17:g.7674230C>T
Patient: TCGA-D8-A1JL, Mutation: chr17:g.7674953T>A
Patient: TCGA-AO-A0JD, Mutation: chr17:g.7674953T>A
Patient: TCGA-C8-A26X, Mutation: chr17:g.7675095C>T
Patient: TCGA-AN-A0FY, Mutation: chr17:g.7675095C>T
Patient: TCGA-LL-A5YP, Mutation: chr17:g.7673781C>T
Patient: TCGA-LD-A74U, Mutation: chr17:g.7673781C>T
Patient: TCGA-EW-A6SD, Mutation: chr17:g.7673764C>T
Patient: TCGA-E2-A1LS, Mutation: chr17:g.7673764C>T
Patient: TCGA-C8-A275, Mutation: chr17:g.7673823C>T
Patient: TCGA-A7-A26I, Mutation: chr17:g.7673823C>T
Patient: TCGA-AC-A5XU, Mutation: chr17:g.7670684C>G
Patient: TCGA-C8-A12Z, Mutation: chr17:g.7670684C>G
Patient: TCGA-A2-A04P, Mutation: chr17:g.7676046delC
Patient: TCGA-AN-A0AJ, Mutation: chr17:g.7676046delC
Patient: TCGA-E2-A152, Mutation: chr17:g.7675218T>C
Patient: TCGA-A2-A4S3, Mutation: chr17:g.7675218T>C
Patient: TCGA-C8-A27A, Mutation: chr17:g.7674935C>A
Patient: TCGA-A2-A0SX, Mutation: chr17:g.7674935C>A
Patient: TCGA-AC-A2BK, Mutation: chr17:g.7674887C>A
Patient: TCGA-A8-A079, Mutation: chr17:g.7674887C>A
Patient: TCGA-A8-A06Q, Mutation: chr17:g.7674250C>T
Patient: TCGA-A8-A092, Mutation: chr17:g.7674250C>T
Patient: TCGA-AC-A8OQ, Mutation: chr17:g.7673740C>A
Patient: TCGA-GM-A2DB, Mutation: chr17:g.7673740C>A
Patient: TCGA-E2-A574, Mutation: chr17:g.7673834delACCACTA
Patient: TCGA-BH-A0AV, Mutation: chr17:g.7674220C>T
Patient: TCGA-B6-A0RT, Mutation: chr17:g.7673788G>T
Patient: TCGA-BH-A0B9, Mutation: chr17:g.7673788G>T
Patient: TCGA-AR-A24P, Mutation: chr17:g.7674262T>C
Patient: TCGA-A2-A0EY, Mutation: chr17:g.7674262T>C
Patient: TCGA-AR-A1AN, Mutation: chr17:g.7676041delG
Patient: TCGA-BH-A0C0, Mutation: chr17:g.7676041delG
Patient: TCGA-OL-A5D7, Mutation: chr17:g.7673806C>T
Patient: TCGA-A2-A04W, Mutation: chr17:g.7673806C>T
Patient: TCGA-E9-A243, Mutation: chr17:g.7676096C>T
Patient: TCGA-B6-A0RH, Mutation: chr17:g.7674872T>G
Patient: TCGA-E2-A1B0, Mutation: chr17:g.7675216C>G
Patient: TCGA-BH-A0BP, Mutation: chr17:g.7675216C>G
Patient: TCGA-C8-A12L, Mutation: chr17:g.7674250C>A
Patient: TCGA-D8-A1X5, Mutation: chr17:g.7674250C>A
Patient: TCGA-BH-A18T, Mutation: chr17:g.7676050A>C
Patient: TCGA-S3-AA10, Mutation: chr17:g.7676017_7676018insC
Patient: TCGA-B6-A0RE, Mutation: chr17:g.7673713delT
Patient: TCGA-A7-A56D, Mutation: chr17:g.7673709delG
Patient: TCGA-D8-A143, Mutation: chr17:g.7673533A>C
Patient: TCGA-E2-A14Y, Mutation: chr17:g.7675206G>C
Patient: TCGA-E2-A1IN, Mutation: chr17:g.7675142A>C
Patient: TCGA-C8-A12W, Mutation: chr17:g.7674954G>A
Patient: TCGA-AR-A1AI, Mutation: chr17:g.7673812A>T
Patient: TCGA-A2-A0YH, Mutation: chr17:g.7673787G>A
Patient: TCGA-BH-A0BW, Mutation: chr17:g.7675994C>G
Patient: TCGA-A7-A4SE, Mutation: chr17:g.7673838C>A
Patient: TCGA-A8-A075, Mutation: chr17:g.7675052C>A
Patient: TCGA-BH-A1F6, Mutation: chr17:g.7675233A>G
Patient: TCGA-BH-A0DI, Mutation: chr17:g.7674199A>T
Patient: TCGA-C8-A130, Mutation: chr17:g.7675220delT
Patient: TCGA-EW-A1PH, Mutation: chr17:g.7673743delCTTT
Patient: TCGA-AR-A256, Mutation: chr17:g.7676041_7676042insGA
Patient: TCGA-LD-A7W5, Mutation: chr17:g.7674193A>C
Patient: TCGA-A2-A0YT, Mutation: chr17:g.7674199A>C
Patient: TCGA-E2-A1L7, Mutation: chr17:g.7674200T>A
Patient: TCGA-BH-A1EY, Mutation: chr17:g.7675235T>C
Patient: TCGA-BH-A1F0, Mutation: chr17:g.7675173delC
Patient: TCGA-OL-A5D6, Mutation: chr17:g.7674239A>C
Patient: TCGA-D8-A1XK, Mutation: chr17:g.7673783delCCCAGGAC�
Patient: TCGA-AQ-A04H, Mutation: chr17:g.7674941A>C
Patient: TCGA-D8-A1JG, Mutation: chr17:g.7673755_7673756insATTCTCTT�
Patient: TCGA-C8-A278, Mutation: chr17:g.7675109T>G
Patient: TCGA-BH-A0AW, Mutation: chr17:g.7673811A>G
Patient: TCGA-D8-A1J9, Mutation: chr17:g.7675095C>A
Patient: TCGA-A8-A06O, Mutation: chr17:g.7673784C>T
Patient: TCGA-E2-A1LK, Mutation: chr17:g.7676114_7676115insG
Patient: TCGA-AO-A0J6, Mutation: chr17:g.7674900delT
Patient: TCGA-B6-A0I2, Mutation: chr17:g.7675128_7675129insGGCCA
Patient: TCGA-LL-A73Y, Mutation: chr17:g.7674292T>A
Patient: TCGA-E9-A1RB, Mutation: chr17:g.7673764C>G
Patient: TCGA-EW-A1OY, Mutation: chr17:g.7674957G>A
Patient: TCGA-GM-A2DL, Mutation: chr17:g.7673777G>T
Patient: TCGA-C8-A1HK, Mutation: chr17:g.7673782T>A
Patient: TCGA-GM-A3XL, Mutation: chr17:g.7675144delGCG
Patient: TCGA-UU-A93S, Mutation: chr17:g.7675205T>G
Patient: TCGA-E2-A155, Mutation: chr17:g.7676273C>G
Patient: TCGA-A8-A06Z, Mutation: chr17:g.7675229delG
Patient: TCGA-A2-A0T3, Mutation: chr17:g.7673733delTGAGGCTC�
Patient: TCGA-E2-A150, Mutation: chr17:g.7675084G>T
Patient: TCGA-A8-A09X, Mutation: chr17:g.7674225C>T
Patient: TCGA-AN-A0AR, Mutation: chr17:g.7675098delCCTC
Patient: TCGA-A7-A6VY, Mutation: chr17:g.7673726_7673727insT
Patient: TCGA-AR-A24K, Mutation: chr17:g.7676042_7676043insAA
Patient: TCGA-A8-A07B, Mutation: chr17:g.7675091delCTCACAAC�
Patient: TCGA-A8-A09Q, Mutation: chr17:g.7674857A>T
Patient: TCGA-OL-A6VO, Mutation: chr17:g.7675142A>T
Patient: TCGA-C8-A1HG, Mutation: chr17:g.7675191A>G
Patient: TCGA-BH-A0WA, Mutation: chr17:g.7674241G>C
Patient: TCGA-E9-A1RH, Mutation: chr17:g.7670694delC
Patient: TCGA-C8-A1HF, Mutation: chr17:g.7675077G>A
Patient: TCGA-AO-A03R, Mutation: chr17:g.7673826A>C
Patient: TCGA-BH-A18Q, Mutation: chr17:g.7676140_7676141insTGCA
Patient: TCGA-AR-A24S, Mutation: chr17:g.7673778T>A
Patient: TCGA-D8-A1XZ, Mutation: chr17:g.7675113G>A
Patient: TCGA-A8-A097, Mutation: chr17:g.7674213delG
Patient: TCGA-AN-A0XT, Mutation: chr17:g.7675237C>T
Patient: TCGA-BH-A1FN, Mutation: chr17:g.7673781C>G
Patient: TCGA-EW-A1PB, Mutation: chr17:g.7675124T>C
Patient: TCGA-B6-A0I9, Mutation: chr17:g.7675208C>T
Patient: TCGA-D8-A142, Mutation: chr17:g.7673788G>C
Patient: TCGA-D8-A1XQ, Mutation: chr17:g.7674209delG
Patient: TCGA-A8-A07U, Mutation: chr17:g.7673545delA
Patient: TCGA-AC-A3OD, Mutation: chr17:g.7675182G>A
Patient: TCGA-AC-A23C, Mutation: chr17:g.7675090delC
Patient: TCGA-A7-A5ZV, Mutation: chr17:g.7674899delGT
Patient: TCGA-C8-A8HP, Mutation: chr17:g.7675206G>A
Patient: TCGA-A2-A0D2, Mutation: chr17:g.7673567delTCTTCTTT�
Patient: TCGA-A7-A26G, Mutation: chr17:g.7674873A>G
Patient: TCGA-D8-A1XT, Mutation: chr17:g.7673794C>G
Patient: TCGA-BH-A0BT, Mutation: chr17:g.7675140G>C
Patient: TCGA-D8-A1XJ, Mutation: chr17:g.7673776G>C
Patient: TCGA-B6-A1KF, Mutation: chr17:g.7675993delC
Patient: TCGA-BH-A0DZ, Mutation: chr17:g.7674191C>G
Patient: TCGA-AN-A0XU, Mutation: chr17:g.7673789delACAGGCAC�
Patient: TCGA-A7-A6VX, Mutation: chr17:g.7674214G>A
Patient: TCGA-E2-A1IO, Mutation: chr17:g.7674960_7674961insA
Patient: TCGA-AN-A0FV, Mutation: chr17:g.7674208A>G
Patient: TCGA-A1-A0SP, Mutation: chr17:g.7675064G>C
Patient: TCGA-AR-A1AR, Mutation: chr17:g.7676101delA
Patient: TCGA-AN-A046, Mutation: chr17:g.7676564C>T
Patient: TCGA-C8-A1HM, Mutation: chr17:g.7674950A>G
Patient: TCGA-AR-A254, Mutation: chr17:g.7675997G>T
Patient: TCGA-A1-A0SK, Mutation: chr17:g.7675214A>T
Patient: TCGA-BH-A1FD, Mutation: chr17:g.7675095C>G
Patient: TCGA-B6-A1KN, Mutation: chr17:g.7673826A>G
Patient: TCGA-E2-A15M, Mutation: chr17:g.7675224G>C
Patient: TCGA-E2-A14P, Mutation: chr17:g.7675143C>A
Patient: TCGA-AO-A03L, Mutation: chr17:g.7674180C>T
Patient: TCGA-B6-A0I6, Mutation: chr17:g.7675080delGG
Patient: TCGA-BH-A18U, Mutation: chr17:g.7673749delTGCGGAGA�
Patient: TCGA-A2-A0EQ, Mutation: chr17:g.7675125delAGA
Patient: TCGA-E2-A1II, Mutation: chr17:g.7675238T>G
Patient: TCGA-A2-A0SV, Mutation: chr17:g.7676025delTGCAAGAA�
Patient: TCGA-A2-A1G1, Mutation: chr17:g.7674291C>T
Patient: TCGA-C8-A26V, Mutation: chr17:g.7674268A>C
Patient: TCGA-E2-A1LH, Mutation: chr17:g.7675217T>G
Patient: TCGA-BH-A0BL, Mutation: chr17:g.7675160G>T
Patient: TCGA-AR-A0U3, Mutation: chr17:g.7675111delC
Patient: TCGA-D8-A13Y, Mutation: chr17:g.7675185delCAGGGCAG�
Patient: TCGA-D8-A1JK, Mutation: chr17:g.7673534C>T
Patient: TCGA-BH-A1FE, Mutation: chr17:g.7674223T>A
Patient: TCGA-E2-A1LG, Mutation: chr17:g.7674197delTGA
Patient: TCGA-BH-A0HX, Mutation: chr17:g.7675207G>C
Patient: TCGA-AN-A0XN, Mutation: chr17:g.7675238T>C
Patient: TCGA-E2-A2P5, Mutation: chr17:g.7670687A>G
Patient: TCGA-A2-A0YG, Mutation: chr17:g.7675993C>A
Patient: TCGA-BH-A0EE, Mutation: chr17:g.7675085C>G
Patient: TCGA-AR-A24U, Mutation: chr17:g.7676218C>A
Patient: TCGA-E9-A22G, Mutation: chr17:g.7673809_7673810insA
Patient: TCGA-A7-A6VV, Mutation: chr17:g.7676215G>A
Patient: TCGA-A8-A07O, Mutation: chr17:g.7675993C>T
Patient: TCGA-AR-A0TS, Mutation: chr17:g.7674939C>A
Patient: TCGA-AQ-A04J, Mutation: chr17:g.7676037A>G
Patient: TCGA-B6-A0IE, Mutation: chr17:g.7673700C>T
Patient: TCGA-B6-A0X1, Mutation: chr17:g.7673534C>A
Patient: TCGA-A2-A04U, Mutation: chr17:g.7676047delCGT
Patient: TCGA-AR-A0TX, Mutation: chr17:g.7674917T>C
Patient: TCGA-AN-A0AS, Mutation: chr17:g.7676038delGAC
Patient: TCGA-AR-A1AH, Mutation: chr17:g.7676046delCC
Patient: TCGA-AR-A1AQ, Mutation: chr17:g.7670685delG
Patient: TCGA-A7-A0CE, Mutation: chr17:g.7675149T>G
Patient: TCGA-A7-A13D, Mutation: chr17:g.7674870C>A
Patient: TCGA-AR-A0TP, Mutation: chr17:g.7673802C>G
Patient: TCGA-BH-A18V, Mutation: chr17:g.7676203C>A
Patient: TCGA-A8-A08P, Mutation: chr17:g.7675140delGGACGCG
Patient: TCGA-E9-A1N8, Mutation: chr17:g.7674196_7674197insT
Patient: TCGA-GM-A2DI, Mutation: chr17:g.7674172delGCTCCTGA�
Patient: TCGA-E9-A248, Mutation: chr17:g.7676026delG
Patient: TCGA-C8-A138, Mutation: chr17:g.7673606delGT
Patient: TCGA-A8-A08R, Mutation: chr17:g.7674248_7674249insA
Patient: TCGA-E9-A226, Mutation: chr17:g.7675146delGGGTGCCG�
Patient: TCGA-B6-A409, Mutation: chr17:g.7674207_7674208insA
Patient: TCGA-BH-A0B7, Mutation: chr17:g.7674972C>T
Patient: TCGA-AC-A2QH, Mutation: chr17:g.7673779C>A
Patient: TCGA-BH-A0BR, Mutation: chr17:g.7673800C>A
Patient: TCGA-D8-A1XW, Mutation: chr17:g.7675236A>T
Patient: TCGA-HN-A2NL, Mutation: chr17:g.7675184_7675185insCAGGGCAG�
Patient: TCGA-PE-A5DE, Mutation: chr17:g.7675105C>T
Patient: TCGA-A2-A0YM, Mutation: chr17:g.7670712delG
Patient: TCGA-AC-A7VC, Mutation: chr17:g.7673788G>A
Patient: TCGA-EW-A1OZ, Mutation: chr17:g.7674191C>A
Patient: TCGA-BH-A0C3, Mutation: chr17:g.7675053C>T
Patient: TCGA-BH-A208, Mutation: chr17:g.7674972C>G
Patient: TCGA-C8-A12Q, Mutation: chr17:g.7674918A>T
Patient: TCGA-3C-AALI, Mutation: chr17:g.7675064G>T
Patient: TCGA-A2-A4S1, Mutation: chr17:g.7673780T>G
Patient: TCGA-AN-A0FJ, Mutation: chr17:g.7675142_7675143insG
Patient: TCGA-S3-AA0Z, Mutation: chr17:g.7675232G>T
Patient: TCGA-BH-A0DL, Mutation: chr17:g.7673763T>G
Patient: TCGA-A2-A0YE, Mutation: chr17:g.7675127delA
Patient: TCGA-PL-A8LV, Mutation: chr17:g.7673796C>T
Patient: TCGA-A2-A0CM, Mutation: chr17:g.7674921delC
